epoch,d_loss_train,g_loss_train,l1_train,d_acc_train,g_acc_train,d_loss_val,g_loss_val,l1_val,d_acc_val,g_acc_val
1,0.494702,25.229113,0.233713,79.9323,8.0692,0.919154,24.879928,0.234309,52.9617,26.0326
2,0.496046,24.249460,0.223754,80.0288,9.4806,1.200095,23.304017,0.217578,53.3009,52.5243
